"","patch","patch_tree","patch_total_veg","water_present","patch_size"
"1","p_1",0.332064364420356,0.808716513068932,1,0.736548495476343
"2","p_2",0.214806366836912,0.726880547428968,0,0.020187286748474
"3","p_3",0.892595876745733,0.898747506096209,0,0.0180402736883564
"4","p_4",0.963553530751708,0.976765375854214,0,0.00439291831887327
"5","p_5",0.21941703006656,0.689178333715859,0,0.0174107582854947
"6","p_6",0.993700787401575,0.993700787401575,0,0.00064747399760969
"7","p_7",0.37172900306136,0.804631971249834,0,0.0375480455286037
"8","p_8",0.330805999670348,0.787621559254986,0,0.0121347946452222
"9","p_9",0.320116986274054,0.812389909933863,0,0.060193089682113
"10","p_10",0.710232112785648,0.932975614239932,1,6.54968570578477
"11","p_11",0.726114649681529,0.962941517081644,0,0.00171867174452171
"12","p_12",0.369136696435755,0.748813259312897,0,0.0123980670968498
"13","p_13",0.254309215696547,0.896274296641693,0,0.91612554746767
"14","p_14",0.374906246651666,0.859396764170149,0,0.0373234167406708
"15","p_15",0.357007555373787,0.843387433540694,1,0.185827262104675
"16","p_16",0.315912835535126,0.91249334913059,1,0.505553430037473
"17","p_17",0.339222614840989,0.354871277132761,0,0.00198071039416827
"18","p_18",0.344827586206897,0.766622724854876,0,0.0432754989137135
"19","p_19",0.225757096127467,0.601456157011713,0,0.0379113563957708
"20","p_20",0.261937502148579,0.7319433462821,0,0.0582172690643035
"21","p_21",0.472641156674561,0.829864140595787,0,0.0080218403518307
"22","p_22",0.234005173002782,0.807818066468206,0,0.0205187178315818
"23","p_23",0.388365391248722,0.850940100720597,1,0.637814931875795
"24","p_24",0.252683030496228,0.615928169163745,0,0.037639030794802
"25","p_25",0.699873497786211,0.870651486401012,0,0.018950561180863
"26","p_26",0.348486628010979,0.878648363939266,1,0.553437458927003
"27","p_27",0.354220676572874,0.711349984192223,0,0.0158244494025741
"28","p_28",0.421950710592818,0.758514362553034,0,0.0431403255538344
"29","p_29",0.368370292480694,0.881962239382757,1,1.49307559810889
"30","p_30",0.211775119207378,0.48967821146104,0,0.0350260651569441
"31","p_31",0.154363395133337,0.820490556338958,1,0.575820603846879
"32","p_32",0.25503141863823,0.89004686579926,0,0.247943555444775
"33","p_33",0.158202319935258,0.866306986781764,0,0.926777579258895
"34","p_34",0.0820067444094874,0.56681298393022,1,0.0530206187173538
"35","p_35",0.806821182542146,0.992444071769736,0,0.215862168436698
"36","p_36",0.727134532556372,0.856853306308589,0,0.00394571776300017
"37","p_37",0.0601667270750272,0.832703360430798,1,0.019316503805276
"38","p_38",0.393739119335406,0.787254863723554,1,0.282024292821533
"39","p_39",0.445509242029525,0.830583467725261,0,0.0967694040739002
"40","p_40",0.27308379144928,0.783448300010505,0,0.0570956642240318
"41","p_41",0.239751994313245,0.729207803491035,0,0.050720581481774
"42","p_42",0.250063517209427,0.700303388082677,0,0.0668696832318492
"43","p_43",0.305667237702339,0.72766842638884,0,0.057232243446147
"44","p_44",0.503795721187026,0.606625258799172,0,0.00143826153923944
"45","p_45",0.2983162881743,0.786365764053391,0,0.0705440012977176
"46","p_46",0.72647442151488,0.858770676557387,1,1.48290058775471
"47","p_47",0.297617530895656,0.755000637023825,0,0.00783353595485771
"48","p_48",0.365406498925275,0.781093269271294,0,0.02374582958808
"49","p_49",0.187510096697514,0.586946989453278,0,0.0866656857198686
"50","p_50",0.410870913788094,0.906587409402508,0,0.127354271242365
"51","p_51",0.177520757844109,0.809126626911265,1,1.53858388241568
"52","p_52",0.505852394161248,0.928679914510482,1,0.109948682802329
"53","p_53",0.763173173982002,0.877331206465629,1,26.1379312352681
"54","p_54",0.190628687004888,0.836002022585538,0,0.00592874805541016
"55","p_55",0.18763113777506,0.878056366837827,1,0.189728968501812
"56","p_56",0.308612165114407,0.894561342991836,0,0.00869843257512477
"57","p_57",0.297591016120268,0.686469842419851,0,0.00552171480380039
"58","p_58",0.272498200143988,0.870050395968323,0,0.00555431095017726
"59","p_59",0.308310991957105,0.815348525469169,0,0.00297952281722985
"60","p_60",0.282167042889391,0.792647533053854,0,0.00309177588043874
"61","p_61",0.150862807651239,0.708460216811457,0,0.227514445253133
"62","p_62",0.725174576873003,0.927447035152089,0,0.00847368301348193
"63","p_63",0.651041046995836,0.763593099345628,1,0.00840366217796408
"64","p_64",0.144582593250444,0.203315571343991,0,0.00844549656658171
"65","p_65",0.0704845814977974,0.785399622404028,0,0.0111288949304491
"66","p_66",0.0629370629370629,0.530294133347568,0,0.0187338698558277
"67","p_67",0.107931986880718,0.75293457621267,0,0.0231759242882848
"68","p_68",0.143640350877193,0.668859649122807,0,0.00091314640210288
"69","p_69",0.289218454984104,0.881404618587313,0,0.0619626240464103
"70","p_70",0.0653906035351223,0.833318069420277,0,0.0109343992748154
"71","p_71",0.232278810451922,0.864469711866563,1,0.432238078611605
"72","p_72",0.250306030124009,0.535259992548832,1,0.0751381888690325
"73","p_73",0.115849337718262,0.727292548649091,1,0.0550501557858153
"74","p_74",0.121234826914431,0.860932114491233,0,0.00668482643307405
"75","p_75",0.420352559981485,0.919009841702515,1,1.08870050825811
"76","p_76",0.0691758405236537,0.623177625706635,0,0.0134590867308745
"77","p_77",0.0733175049509284,0.410872348107706,1,0.182809523258621
"78","p_78",0.434758797877016,0.907973361279199,1,0.739590036868276
"79","p_79",0.0445796703969439,0.642358645346132,1,0.0816732423265444
"80","p_80",0,0.0133333333333333,1,0.00614884048298351
"81","p_81",0.300810540056465,0.448863118909566,1,0.0329249228833667
"82","p_82",0.124769372693727,0.951568265682657,0,0.00434556744836527
"83","p_83",0.197371259099488,0.868751685090321,0,0.074186669604167
"84","p_84",0.842619745845552,0.928641251221896,0,0.00104107338519872
"85","p_85",0.394832028332368,0.873184118431985,0,0.119156293723678
"86","p_86",0.0490264953833802,0.533319951826576,0,0.0199150281180514
"87","p_87",0.854267515923567,0.878726114649682,0,0.00782683612771018
"88","p_88",0.217423678332092,0.664370811615786,0,0.00534848541272778
"89","p_89",0.27608080295062,0.839698034364596,1,1.31530472007298
"90","p_90",0.483612289617232,0.891743204811413,0,0.0214572314276041
"91","p_91",0.223346188513084,0.891892371115741,1,0.338405411869762
"92","p_92",0.0599930392412773,0.589423997215696,0,0.0919387090286296
"93","p_93",0.123373493975904,0.80433734939759,0,0.00206846623596418
"94","p_94",0.604548635409377,0.872113365990203,1,0.0285721977509764
"95","p_95",0.336691130618314,0.720655250155898,0,0.041695070630547
"96","p_96",0.122069317023445,0.922273190621814,0,0.0196088798926685
"97","p_97",0.746759925941164,0.993211273400535,0,0.00486116269129072
"98","p_98",0.993506493506494,0.998701298701299,0,0.00309027769657076
"99","p_99",0.0818181818181818,0.733226065969429,1,0.0372891910290628
"100","p_100",0.188017585113997,0.664349248543094,0,0.00977755407194048
"101","p_101",0.139712769278801,0.739619107087106,0,0.00639964683201361
"102","p_102",0.197474723041943,0.720381210391369,0,0.0413263266043526
"103","p_103",0.585352269562796,0.812308549150654,0,0.00359867457380748
"104","p_104",0.400798384876572,0.782279526475177,0,0.0217738375541529
"105","p_105",0,0.866840731070496,0,0.000750903307023982
"106","p_106",0.0268109908409659,0.862614487926728,0,0.00598977559796525
"107","p_107",0.86673010467271,0.967972154054189,0,0.0399294452027714
"108","p_108",0.00397365412878994,0.798214577322955,0,0.0183834471671175
"109","p_109",0.0598396051819864,0.898151280571531,0,0.050234617725168
"110","p_110",0.0888615343668907,0.657678488256038,0,0.0601266761462072
"111","p_111",0.0180496952648851,0.845991561181435,0,0.00427440228962808
"112","p_112",0.080327868852459,0.408196721311475,0,0.00123223035261891
"113","p_113",0.180364900086881,0.92267593397046,0,0.00574778931443929
"114","p_114",0.831668856767411,0.863337713534823,0,0.00760724974425921
"115","p_115",0.141010342084328,0.674622116149562,0,0.00502460488151474
"116","p_116",0.0183823529411765,0.927389705882353,0,0.00110689929800958
"117","p_117",0.387686935398163,0.87571168298793,0,0.0526893108051526
"118","p_118",0.535637149028078,0.924406047516199,0,0.000922961423810222
"119","p_119",0.242412219797659,0.627653243404086,0,0.00504188790914719
"120","p_120",0.700296397628819,0.930916552667579,0,0.0087968014891106
"121","p_121",0.121363258520366,0.695344970906068,0,0.00240401695720889
"122","p_122",0.153260869565217,0.444565217391304,0,0.00185358479783536
"123","p_123",0.434257748776509,0.905220228384992,0,0.00611184306666907
"124","p_124",0.291643332711094,0.659759815817311,0,0.0160693958819306
"125","p_125",0.163970588235294,0.829411764705882,0,0.00135815018091381
"126","p_126",0.199350487134649,0.206595053709718,0,0.00399762555763047
"127","p_127",0.000772797527047913,1,0,0.00129303537188489
"128","p_128",0.291180548914603,0.749450129100124,0,0.0836777381459257
"129","p_129",0.409808342728298,0.788951521984216,0,0.00891548186474432
"130","p_130",0.235160026725708,0.419344696126082,1,0.0763222162553146
"131","p_131",0.0106420623582915,0.792191452274544,1,0.0763107581068868
"132","p_132",0.277220849935993,0.874258514685466,1,0.110942488827621
"133","p_133",0.12360097323601,0.776642335766423,0,0.0020508338755107
"134","p_134",0.113747718320684,0.466615428955711,0,0.010408492621014
"135","p_135",0.648688284177937,0.840801694639075,0,0.0061492041785777
"136","p_136",0.00739644970414201,0.475591715976331,0,0.00134497443617525
"137","p_137",0.174430128840436,0.766812968993346,0,0.00708974300692447
"138","p_138",0.220471243389957,0.838223594927231,0,0.0854742128591277
"139","p_139",0.0712091468988357,0.886364317504083,1,0.266934024390918
"140","p_140",0.0663579587686998,0.628704708365016,0,0.117055520331597
"141","p_141",0.111670020120724,0.563380281690141,0,0.000977569206429538
"142","p_142",0.0550388633195195,0.736264155988007,0,0.05234777840223
"143","p_143",0.486147205884588,0.953525129561239,0,0.0657738608054956
"144","p_144",0.765456874466268,0.957472245943638,0,0.0233783521418524
"145","p_145",0.126645321949484,0.820111466856397,0,0.00844248407433133
"146","p_146",0.0581985814159382,0.388095698454211,0,0.0982425642534411
"147","p_147",0.28581288012768,0.943924427382133,0,0.0231208370834776
"148","p_148",0.129993241560844,0.896329100416178,0,0.0562232301651795
"149","p_149",0.334146171532084,0.732878143942033,0,0.0143383310878752
"150","p_150",0.325595401040241,0.881905283328771,0,0.0182591649447076
"151","p_151",0.180964814124083,0.94100460027353,0,0.0160811431517694
"152","p_152",0.828752642706131,0.890063424947146,0,0.00140514031042124
"153","p_153",0.257829931410627,0.81348648871994,0,0.0121069226281519
"154","p_154",0.280832654084896,0.772462223336886,0,0.0159482063691138
"155","p_155",0.272582225970415,0.59499008501812,0,0.0438776571437767
"156","p_156",0.655384615384615,0.770769230769231,0,0.0012878982065781
"157","p_157",0.319703660092238,0.75336080855657,0,0.10191592145197
"158","p_158",0.487873001444861,0.898767006514312,1,1.76904311504073
"159","p_159",0.0864391496803104,0.588092245477895,0,0.0731900207425213
"160","p_160",0.169890477559662,0.658859816504169,0,0.076499920903145
"161","p_161",0.287901421139818,0.923397948211224,0,0.172044574731336
"162","p_162",0.0264903415062856,0.709485098069489,0,0.168417709615427
"163","p_163",0.33145003931619,0.821650115036258,0,0.0342938795984151
"164","p_164",0.23307588914254,0.75362164238015,0,0.0937915051202276
"165","p_165",0,0.056093489148581,0,0.00897263612629304
"166","p_166",0.367140668261606,0.835434531329803,0,0.0371844637769972
"167","p_167",0.257674232576742,0.656934306569343,0,0.0100058903738728
"168","p_168",0.234207385038617,0.799524106909936,1,0.126497363519777
"169","p_169",0.172148654421188,0.726418391518776,0,0.0257533004075606
"170","p_170",0.0648330058939096,0.371316306483301,0,0.00102089670794722
"171","p_171",0.212941278515049,0.770665278862,0,0.011533600013201
"172","p_172",0.133141762452107,0.318007662835249,0,0.00313015504815828
"173","p_173",0.0250392993487536,0.61683134965192,0,0.0178138254862499
"174","p_174",0.181330028913672,0.574932575260587,0,0.0823226406624819
"175","p_175",0.385182037115739,0.524861878453039,0,0.00705591035144191
"176","p_176",0.115104118176458,0.733792632591627,0,0.0321943859425625
"177","p_177",0.0475444096133751,0.179467084639498,0,0.00380670112944661
"178","p_178",0.250200018362341,0.732263945542542,0,0.0762636561605535
"179","p_179",0.18677629450579,0.819993041440056,1,0.327617719056738
"180","p_180",0.173248407643312,0.319108280254777,0,0.00156312320198375
"181","p_181",0.0413159908186687,0.880642693190513,0,0.00129768913250597
"182","p_182",0.764645875837948,0.983532497814048,0,0.00686041843023372
"183","p_183",0.390854184641933,0.421915444348576,0,0.0011757068452863
"184","p_184",0.503429355281207,0.55281207133059,0,0.000710937542820582
"185","p_185",0.081172339276067,0.64397622906537,1,0.00739916592423114
"186","p_186",0.323394986788545,0.983503534956795,0,0.0280063548618122
"187","p_187",0.0550346342287549,0.163541138705862,0,0.0236810340418887
"188","p_188",0.0363788767812238,0.649036043587594,0,0.0119344682205481
"189","p_189",0.148809523809524,0.657738095238095,0,0.000674471912608948
"190","p_190",0.500818330605565,0.748772504091653,0,0.00122438597429032
"191","p_191",0.225904223075369,0.53041018387553,0,0.00493551771827487
"192","p_192",0.219508638915215,0.695633155937887,0,0.0137234735571987
"193","p_193",0.107704719645018,0.586123436869705,0,0.00246810068501346
"194","p_194",0.921443736730361,0.991507430997877,0,0.00141641405461213
"195","p_195",0.21414994720169,0.653220696937698,0,0.00473400683178133
"196","p_196",0.0469778395024455,0.246180786184409,0,0.0165593895449594
"197","p_197",0.134931997136722,0.756907659269864,0,0.0419213874628246
"198","p_198",0.181775646274418,0.759971926541116,1,0.102575707270146
"199","p_199",0.241038318912237,0.526850707320423,0,0.0218416212191471
"200","p_200",0.848651052475541,0.919952564482656,1,0.0134761548405206
"201","p_201",0,0.783422459893048,0,0.000746414503206732
"202","p_202",0.262653480748931,0.734457469859437,0,0.0359960614705972
"203","p_203",0.0482085346215781,0.784420289855073,1,0.00996130151442907
"204","p_204",0.136423841059603,0.599558498896247,0,0.00226798105758888
"205","p_205",0.453944020356234,0.592875318066158,0,0.00197204931732587
"206","p_206",0.0306965761511216,0.746769201314656,0,0.0313463778604256
"207","p_207",0.240614437398903,0.747634173184554,1,1.27662315659208
"208","p_208",0.246475684765903,0.844461966347679,1,0.3246461457932
"209","p_209",0.451312121503412,0.727738793296805,0,0.0312111534777987
"210","p_210",0.0076486013986014,0.872322989510489,0,0.0183419826914392
"211","p_211",0.449593495934959,0.634959349593496,0,0.00125442129464762
"212","p_212",0.0637763191273465,0.421050545408422,1,0.126145917537876
"213","p_213",0.392051030421982,0.616290480863592,0,0.0020285788522689
"214","p_214",0.188026981450253,0.613827993254637,0,0.00117802842854889
"215","p_215",0.433994589720469,0.816591523895401,0,0.0110704747057064
"216","p_216",0.312120770836367,0.893184796854522,0,0.0824036589421222
"217","p_217",0.394549293915798,0.793123927675861,0,0.0151213749373677
"218","p_218",0.218078696281883,0.669216906765138,1,0.0905028822473624
"219","p_219",0,0.714603315759385,1,0.0157478018703605
"220","p_220",0.374796776701774,0.723186305694965,0,0.16975676056604
"221","p_221",0.746503247830828,0.915715018469748,1,2.32012963552855
"222","p_222",0.526052970272044,0.81958867494406,1,5.70592761495127
"223","p_223",0.0908101457505205,0.387847813742192,0,0.0211223619010214
"224","p_224",0.201376239627606,0.830398704715645,0,0.00987952824326776
"225","p_225",0.33143985682637,0.841564240231054,1,0.761056848964265
"226","p_226",0.0140463846342022,0.638137249486413,1,0.380158633273734
"227","p_227",1.8664725535211e-05,0.118707654403942,0,0.0535665666007996
"228","p_228",0.0294117647058824,1,0,0.000693770276701631
"229","p_229",0.378783890497499,0.832429586733351,0,0.0190070273978822
"230","p_230",0.00868086312581937,0.12085887396804,0,0.028250382198308
"231","p_231",0.0090393104898045,0.585172727909747,0,0.0142761820828242
"232","p_232",0.488771162040769,0.978809167338478,1,0.00868351174074646
"233","p_233",0.628498727735369,0.758905852417303,0,0.00158081369997712
"234","p_234",0.289822237111586,0.824435403377046,1,0.579105465690934
"235","p_235",0.166227996039891,0.589090382247121,0,0.0414155498795976
"236","p_236",0.176482852079641,0.696326190227994,0,0.0671258166712065
"237","p_237",0.328102010789603,0.743692441828783,0,0.0367027690385464
"238","p_238",0.0155038759689922,0.210852713178295,0,0.000662543935299473
"239","p_239",0.685985247629083,0.747102212855637,0,0.00095325323176384
"240","p_240",0.431633647288081,0.483273790191621,0,0.00307640348008834
"241","p_241",0.327031788521239,0.829712902701639,0,0.233862249580365
"242","p_242",0.999517994858612,1,0,0.00620116723518688
"243","p_243",0.32520325203252,0.833316324795047,0,0.0293978242534599
"244","p_244",0.327755644090305,0.70464807436919,0,0.00375236037743586
"245","p_245",0.472127417519909,0.872582480091012,0,0.000861315112729411
"246","p_246",0.438764643237487,0.83493077742279,0,0.000905357019037227
"247","p_247",0.0696564885496183,0.612595419847328,0,0.00210315885964112
"248","p_248",0.665425201738051,0.933581626319056,0,0.00162041716887782
"249","p_249",0.442536506219578,0.874842257075897,1,0.0221888425913518
"250","p_250",0.223911474621121,0.745297089247053,0,0.0207894635885204
"251","p_251",0.434288537549407,0.511857707509881,0,0.00206074590390749
"252","p_252",0.467914438502674,0.913674560733384,0,0.00261689427828704
"253","p_253",0.302692121920838,0.677479218038996,0,0.0393096573916935
"254","p_254",0.692783505154639,0.876288659793814,0,0.000976406242687255
"255","p_255",0.151286880100439,0.860012554927809,0,0.00159794861729103
"256","p_256",0.144559585492228,0.23160621761658,0,0.00196527540680359
"257","p_257",0.137379894617213,0.600805868374832,1,0.096762811076431
"258","p_258",0.508093016680803,0.891256714729997,0,0.0565873063247108
"259","p_259",0.356270731879455,0.623332627567224,0,0.0141825637713075
"260","p_260",0.326639892904953,0.558232931726908,0,0.000748755613265734
"261","p_261",0.267638483965015,0.639714933592485,0,0.0154269991663926
"262","p_262",0.574766355140187,0.815420560747664,0,0.00255922319961703
"263","p_263",0.733922864772578,0.894380481256111,1,0.068526608310404
"264","p_264",0.278950310993081,0.61276119924523,0,0.0286402596401833
"265","p_265",0.143206426825009,0.46315054139015,0,0.00284825545785122
"266","p_266",0.484962406015038,0.595238095238095,0,0.000770929131983023
"267","p_267",0.274919957310566,0.503308431163287,0,0.00465478152454593
"268","p_268",0.142254196642686,0.589544364508393,0,0.010445193148996
"269","p_269",0.350704225352113,0.728169014084507,0,0.00282826929584687
"270","p_270",0.0970504281636537,0.9790675547098,0,0.00104603322291892
"271","p_271",0.01620029455081,0.946980854197349,0,0.000677514644021634
"272","p_272",0.101485148514851,0.78019801980198,0,0.00201398367063442
"273","p_273",0.109524843253183,0.853826410082875,0,0.078328623631865
"274","p_274",0.0888305437041899,0.558144623126573,0,0.0183021130576242
"275","p_275",0.548219840995506,0.686830279986174,0,0.00290282440613947
"276","p_276",0.0137475278568328,0.528435676040712,0,0.0207367409277777
"277","p_277",0.194960018094972,0.649024068973776,0,0.0751479787562503
"278","p_278",0.328636552009946,0.587235806050559,0,0.00240821789437009
"279","p_279",0.126388597778244,0.704254873192203,0,0.00475984731782952
"280","p_280",0.383579369899913,0.741938891382998,1,0.037871343754575
"281","p_281",0.192817049640414,0.782538151201544,0,0.0227960060653776
"282","p_282",0.322912695386961,0.880798068369551,0,0.00786552293065371
"283","p_283",0.677272727272727,0.713636363636364,0,0.000650323981197085
"284","p_284",0.562783661119516,0.73071104387292,0,0.000678414255295793
"285","p_285",0.245558546433378,0.717900403768506,0,0.0148617084575545
"286","p_286",0.742307692307692,0.912820512820513,0,0.00075515176454559
"287","p_287",0.611597374179431,0.710065645514223,0,0.000896940049717756
"288","p_288",0.662279182542432,0.863526151714583,0,0.00289175426115405
"289","p_289",0.347713991062221,0.677724303884496,0,0.00580551507860095
"290","p_290",0.343725490196078,0.768627450980392,0,0.0101890681520101
"291","p_291",0.312295081967213,0.434590163934426,0,0.00608515035322602
"292","p_292",0.839561855670103,1,0,0.00619778786847251
"293","p_293",0.421449417523345,0.869197519002551,1,2.88299312283014
"294","p_294",0.378740970072239,0.48297213622291,0,0.00100015158557871
"295","p_295",0.140244030493311,0.921078606380074,0,0.0476136332325134
"296","p_296",0.607584501236603,0.953009068425392,0,0.0012182327584695
"297","p_297",0.323837675011564,0.883096223924546,1,0.088646897103778
"298","p_298",0.420882464815519,0.796500570559148,0,0.00524940132292826
"299","p_299",0.274391206016936,0.465102824383317,0,0.0190154436419755
"300","p_300",0.114948056944979,0.562235475182763,0,0.0103887768721467
"301","p_301",0.221346987002757,0.704305147392977,0,0.0330006731237859
"302","p_302",0.230763341244928,0.680269504632111,0,0.0130653609341815
"303","p_303",0.132316374710139,0.863772245969882,0,0.0358006931435488
"304","p_304",0.325246570683596,0.657606847296225,0,0.0352823883604251
"305","p_305",0.621196493037648,0.978597215059309,0,0.00387328140078249
"306","p_306",0.502870651806822,0.780141843971631,0,0.00296739080752412
"307","p_307",0.105027932960894,0.65314549429196,0,0.0205863446858078
"308","p_308",0.0427236315086782,0.0812194036493102,0,0.00449771927185857
"309","p_309",0.220692278432864,0.62168124762267,0,0.0131376613801327
"310","p_310",0.272450532724505,0.487823439878234,0,0.00132182061493443
"311","p_311",0.450743037102647,0.87927697405111,0,0.0304839995832305
"312","p_312",0.898573692551506,0.977812995245642,0,0.00125304992009306
"313","p_313",0.255976775956284,0.729508196721312,0,0.0117038927721013
"314","p_314",0.928057553956835,0.98705035971223,0,0.00207709793089681
"315","p_315",0.720845249443915,0.974737845567207,0,0.00630708625769831
"316","p_316",0.356819791836957,0.82284344177429,0,0.0183707075412124
"317","p_317",0.373449178586334,0.891793451455021,0,0.0263507488301984
"318","p_318",0,0,0,0.0009925548358823
"319","p_319",0.152018106374953,0.859298377970577,0,0.00529370927788841
"320","p_320",0.275614366729679,0.552741020793951,0,0.00528700926662507
"321","p_321",0.698653418747549,0.879330631455092,0,0.00765572975802363
"322","p_322",0.744174516608825,0.811105602379772,0,0.00200872386677208
"323","p_323",0.223480947476828,0.27394438722966,0,0.000953993174146191
"324","p_324",0.600760456273764,0.952471482889734,0,0.00103914959257608
"325","p_325",0.547863247863248,0.647863247863248,0,0.00116305465297896
"326","p_326",0.612566021126761,0.948228433098592,0,0.0181675554826438
"327","p_327",0.469012679868927,0.784157287362872,0,0.00701817946282628
"328","p_328",0.0648636259454504,0.604400641760257,0,0.00437346295221293
"329","p_329",0.321081775138432,0.712543134579889,0,0.0124851942371107
"330","p_330",0.357717457778614,0.786705555816907,0,0.0212808793406061
"331","p_331",0.664688427299703,0.810089020771513,0,0.00101937333596544
"332","p_332",0.494841942377128,0.941971851742687,1,0.0271424047531072
"333","p_333",0.365765765765766,0.633816743572841,0,0.0455054094019817
"334","p_334",0.639370078740157,0.770866141732284,0,0.00126962405597058
"335","p_335",0.302983854486,0.736289938006676,0,0.0293521409896225
"336","p_336",0.111483997708112,0.52287795694524,0,0.0121790774533034
"337","p_337",0.75346687211094,0.992295839753467,0,0.00065166357317497
"338","p_338",0.055896436391636,0.963401429293294,0,0.0415600369982425
"339","p_339",0.501404757445215,0.894736842105263,0,0.00534865355328543
"340","p_340",0.182198717821749,0.757911277490575,0,0.151489256504423
"341","p_341",0.298895228845453,0.770790336287483,0,0.00824154418077395
"342","p_342",0.42010582010582,0.991005291005291,0,0.00187935286308022
"343","p_343",0.265778224792557,0.782373648478753,0,0.0159113751162769
"344","p_344",0.359761618070692,0.927034400768187,0,0.328131614935381
"345","p_345",0.155792682926829,0.593375831485588,0,0.0360445663726406
"346","p_346",0.101991730400238,0.63773207577764,0,0.037007810653979
"347","p_347",0.415783683631521,0.876411325343061,1,0.552643608816738
"348","p_348",0.277022935890915,0.795393446196323,0,0.0412951252162836
"349","p_349",0.279046013993157,0.83698483223533,0,0.0195809527037943
"350","p_350",0.44093567251462,0.72280701754386,0,0.00256070851796371
"351","p_351",0.222558286074354,0.413358538122243,0,0.00790295406354015
"352","p_352",0.630702713447967,0.915614750024848,0,0.0201285470303072
"353","p_353",0.301671951571058,0.755785004848135,1,0.381594301693105
"354","p_354",0.0739319519058583,0.708109490918393,0,0.00390242090852698
"355","p_355",0.189992928302917,0.834882076349516,0,0.0805968343132629
"356","p_356",0.374840942637553,0.867587926909961,1,0.0393010061758119
"357","p_357",0.286232285208149,0.72030004428698,0,0.0361391192998663
"358","p_358",0.0868653935724266,0.952724732184443,0,0.00856633117453478
"359","p_359",0.339892709095343,0.710217020238966,0,0.04105983985487
"360","p_360",0.170619281844576,0.710702491294935,0,0.100280436155635
"361","p_361",0.139250022110197,0.45210931281507,0,0.0904751624758527
"362","p_362",0.0690376569037657,0.98681374413592,0,0.0157616646924981
"363","p_363",0.146256684491979,0.678609625668449,0,0.00375123093568176
"364","p_364",0.05464375362039,0.247151959837807,0,0.0103525545415588
"365","p_365",0.465393794749403,0.667606856151009,0,0.00461086753828499
"366","p_366",0.363866077068857,0.416298168035376,0,0.0031579745064023
"367","p_367",0.451276102088167,0.631090487238979,0,0.000877001585050282
"368","p_368",0.441700321010666,0.876307341824583,0,0.019314549090758
"369","p_369",0,0,0,0.000834166570305708
"370","p_370",0.386081504702194,0.962507836990596,0,0.00796943058508036
"371","p_371",0.678669319186561,0.899778956675508,1,0.0904374565181563
"372","p_372",0.199479804819329,0.60536101975452,0,0.0464967424752126
"373","p_373",0.474580380957513,0.650025594740954,0,0.037118014065079
"374","p_374",0.34362754245195,0.671172326926665,0,0.0857682922951347
"375","p_375",0.430327868852459,0.932786885245902,0,0.00854224243365967
"376","p_376",0.222408627920911,0.530137807070102,0,0.00834347135379817
"377","p_377",0.328730158730159,0.895714285714286,0,0.00628090473520861
"378","p_378",0.2737462880087,0.923208833493663,0,0.0239201120289958
"379","p_379",0.506335529650279,0.858590978205778,0,0.00197118960564258
"380","p_380",0.493796526054591,0.658808933002481,0,0.000807754268273915
"381","p_381",0.464327485380117,0.899415204678363,0,0.000861031597216905
"382","p_382",0.504150943396226,0.8658885476086,0,0.0569528565348636
"383","p_383",0.570465273095078,0.763317599460553,0,0.00150274144202632
"384","p_384",0.121869896570495,0.708083832335329,0,0.0146909955638846
"385","p_385",0.138220277169949,0.609773887673231,0,0.00273245775757713
"386","p_386",0.217045454545455,0.890909090909091,0,0.000876250114665425
"387","p_387",0.016016713091922,0.183844011142061,0,0.00144469116811379
"388","p_388",0.218434508981251,0.75101612691753,0,0.0305009439258173
"389","p_389",0.195742667928098,0.751844843897824,0,0.0105742629271145
"390","p_390",0.17115758199063,0.72533424751457,0,0.0875059763564181
"391","p_391",0.271390241478684,0.651594951803637,0,0.0100564333808674
"392","p_392",0.250136391741329,0.579440612004898,0,0.0824796166429516
"393","p_393",0.380422691879866,0.560993696700037,0,0.00267293791227418
"394","p_394",0.478653942742341,0.6449020592667,0,0.00199400571465517
"395","p_395",0.55657237936772,0.806156405990017,0,0.00121134676516688
"396","p_396",0.249082007343941,0.931456548347613,0,0.00164142694283871
"397","p_397",0.36608897623727,0.783991423977131,0,0.00559302813023329
"398","p_398",0.0239139269748241,0.722123590939231,0,0.0467353346920698
"399","p_399",0.280800500312695,0.760892224306858,0,0.00959090113124388
"400","p_400",0.447041141105741,0.934103501119887,0,0.0339354539053844
"401","p_401",0.609431680773882,0.968561064087062,0,0.000817958337677875
"402","p_402",0.488927281294173,0.787969216271399,0,0.00639129731237364
"403","p_403",0.67956469165659,0.935221972706858,0,0.0173584461449161
"404","p_404",0.451424870466321,0.895725388601036,0,0.00308926875106862
"405","p_405",0.145742981054554,0.829947500570646,0,0.00875671096895792
"406","p_406",0.395499370085582,0.770559103349407,0,0.0460454934970716
"407","p_407",0.825117370892019,0.910328638497653,0,0.0085030705509698
"408","p_408",0.384902982834375,0.725295417951587,0,0.036637652737868
"409","p_409",0.0128126906650397,0.149023794996949,0,0.00655075325310009
"410","p_410",0.0579474434413947,0.427890062497716,0,0.0547075016746351
"411","p_411",0.101545253863135,0.143487858719647,0,0.00090277621488864
"412","p_412",0.335437330928765,0.811541929666366,0,0.00110183742260592
"413","p_413",0.37351078049631,0.761782995292613,0,0.01720503799505
"414","p_414",0.322586520947177,0.843533697632058,0,0.0109968690862329
"415","p_415",0.275531596286313,0.759209344115005,0,0.00668823389528087
"416","p_416",0.415726109857035,0.663280662151994,0,0.00265274398462556
"417","p_417",0.0929916348910762,0.468091395465697,0,0.0677409298167279
"418","p_418",0,0.0679774105835599,0,0.00477706694397697
"419","p_419",0.479475484606613,0.576966932725199,0,0.00173087775184773
"420","p_420",0.576107081069597,0.865738914013416,1,0.0658918023734258
"421","p_421",0.170705681755679,0.59961498267422,0,0.0908864960420565
"422","p_422",0.519493051981472,0.720020586721565,0,0.0155425001600594
"423","p_423",0.391874180865007,0.693416675068051,0,0.00991597179175273
"424","p_424",0.247252747252747,0.785337646224743,0,0.0902619658397534
"425","p_425",0.182795698924731,0.866935483870968,0,0.00073833021385553
"426","p_426",0.371296965317919,0.64974710982659,0,0.0110685817426791
"427","p_427",0.254012121212121,0.655854545454545,0,0.0206292048432191
"428","p_428",0.233710996223371,0.592270743959227,0,0.0272666159556212
"429","p_429",0.613938053097345,0.820796460176991,0,0.000904420905424136
"430","p_430",0.398591549295775,0.592617775619233,0,0.0205831173500645
"431","p_431",0.231611022787493,0.6879173290938,0,0.0377343304263765
"432","p_432",0.458501978261858,0.761653554049752,0,0.0220031512497659
"433","p_433",0.144635580221068,0.804639925213464,1,0.151907396733502
"434","p_434",0.127321439444681,0.816964013882969,1,0.0328100855896986
"435","p_435",0.11219012497439,0.537717680803114,0,0.0243919789999741
"436","p_436",0.0361226611226611,0.0369022869022869,1,0.00384873997421106
"437","p_437",0.172207706107168,0.709841276031511,0,0.102571390166665
"438","p_438",0.00769230769230769,0.978846153846154,0,0.00105173701216574
"439","p_439",0.569142857142857,0.742857142857143,0,0.000871041686386365
"440","p_440",0.00246132208157525,0.426160337552743,0,0.00568753243289514
"441","p_441",0.014809041309431,0.489131376115008,0,0.0230773952942554
"442","p_442",0.258793969849246,0.428930366116296,0,0.00554718841069593
"443","p_443",0.393399810066477,0.728395061728395,0,0.00420412020437603
"444","p_444",0.478004535147392,0.86530612244898,0,0.00220681416508488
"445","p_445",0.220353694260605,0.748095909732017,1,0.0460821264179957
"446","p_446",0.649639816633923,0.762278978388998,0,0.00152424120253202
"447","p_447",0.319504643962848,0.445820433436532,0,0.00159740965667015
"448","p_448",0.814004376367615,0.980853391684902,0,0.00180699713577243
"449","p_449",0.431174934725849,0.691023023973416,0,0.210628042933143
"450","p_450",0.081657365483837,0.754975255343793,0,0.0379803280744836
"451","p_451",0.644004099760847,0.953169993655132,0,0.0409844477648849
"452","p_452",0.193395872420263,0.889943714821764,0,0.0266701655610372
"453","p_453",0.551320918146384,0.669987007362495,0,0.00466163878242133
"454","p_454",0.443198263386397,0.623552821997106,0,0.00551740278993081
"455","p_455",0.0561866906013591,0.362867034235158,0,0.0389495201075106
"456","p_456",0.460921461191466,0.908091298862721,0,0.214810479085957
"457","p_457",0.840437158469945,1,0,0.000900439896648284
"458","p_458",0.455375552282769,0.842120765832106,0,0.00339425611434763
"459","p_459",0.522530487012143,0.653865155100237,0,0.0384475986729373
"460","p_460",0.592805204745503,0.857634902411022,0,0.00260353987150849
"461","p_461",0.447836151872812,0.829084656349644,1,0.359422393155891
"462","p_462",0.335637785459285,0.79560265200884,0,0.017657431256554
"463","p_463",0.260494905385735,0.895138282387191,0,0.0172156273341801
"464","p_464",0.20767306088407,1,0,0.00120182638941624
"465","p_465",0.0765268991770699,0.64608408442031,0,0.0178581347909964
"466","p_466",0.327981090553427,0.785883120058684,0,0.0245947621274549
"467","p_467",0.780272398382635,0.911523728452862,0,0.0187934300552268
"468","p_468",0.430357821807275,0.819526002281272,1,0.0236593417649404
"469","p_469",0.437938144329897,0.901855670103093,0,0.00242469977964506
"470","p_470",0.570418980312973,0.800731953558809,0,0.00793658228031546
"471","p_471",0.0688421298277002,0.62941931469021,0,0.0256814700714074
"472","p_472",0.453498173644282,0.718741219443664,0,0.00353007474530337
"473","p_473",0.143857192859643,0.904795239761988,0,0.0028455305672283
"474","p_474",0.535269709543568,0.95850622406639,0,0.00120083440802805
"475","p_475",0.131118881118881,0.437937062937063,0,0.00115980351173223
"476","p_476",0.120349435954498,0.636714449744907,0,0.0844442228190745
"477","p_477",0.14702030124427,0.899148657498363,0,0.00305356960322119
"478","p_478",0.377292736610418,0.867754952311078,0,0.0054600154399336
"479","p_479",0.00826898855484366,0.378429439789716,0,0.0730575805506798
"480","p_480",0.0825340737001514,0.703685007571933,0,0.00394484318094116
"481","p_481",0.200850159404888,0.486716259298619,0,0.000935161435930058
"482","p_482",0.371270654379697,0.686060226998474,1,0.588410840194136
"483","p_483",0.661666666666667,0.883333333333333,0,0.00299039266707218
"484","p_484",0.429701230228471,0.805799648506151,0,0.00113405960305509
"485","p_485",0.231765507839127,0.599216087252897,1,0.0293286676111807
"486","p_486",0.260627703661255,0.819131613705772,0,0.143090728826576
"487","p_487",0.886206984256174,0.900128019262236,1,0.117968651518917
"488","p_488",0.451872378191015,0.852434809656731,1,1.9706982259561
"489","p_489",0.324505824987591,0.839907734532395,0,0.0342467793929174
"490","p_490",0.499850148489224,0.812712857259624,0,0.0367171821938371
"491","p_491",0.060772104607721,0.611955168119552,0,0.00401447258005361
"492","p_492",0.197327652982184,0.812935708752905,0,0.00514915076115381
"493","p_493",0.42034841954023,0.755926724137931,0,0.0111498531335433
"494","p_494",0.718138234119057,0.97842588893328,0,0.00502652891308733
"495","p_495",0.674742580254391,0.967898243488795,0,0.00164221996241793
"496","p_496",0.245680526139784,0.766804146694906,0,0.0179606612280445
"497","p_497",0.326624865390628,0.87612985027964,1,0.575684220056314
"498","p_498",0.11118680356187,0.818003990073476,0,0.102764104761519
"499","p_499",0.103949121223841,0.718404881612307,0,0.0232765495597009
"500","p_500",0.174837161467261,0.751714089818307,0,0.0116661486260276
"501","p_501",0.37511353315168,0.797456857402361,0,0.00110350015223154
"502","p_502",0,0.117493472584856,0,0.0011346950496326
"503","p_503",0.645839820100329,0.969313267600761,0,0.0289453614950561
"504","p_504",0.345382304486869,0.846496753561392,0,0.010311805800532
"505","p_505",0.275964391691395,0.718100890207715,0,0.000650980775049946
"506","p_506",0.000124308533780844,0.884455217850705,0,0.0160963209368244
"507","p_507",0.852538527732144,0.967300320738481,0,0.0128050389115346
"508","p_508",0.310262793914246,0.726583679114799,0,0.0180756655509299
"509","p_509",0.215841584158416,0.898019801980198,0,0.0010103608991229
"510","p_510",0.540265277119848,0.956181904310753,0,0.00421804356392761
"511","p_511",0.237235016550461,0.545390520459187,0,0.0284135750142804
"512","p_512",0.280291657731074,0.353849453141754,1,0.00467216255556891
"513","p_513",0.426739214924213,0.877186164010882,0,0.00257134724241134
"514","p_514",0.380265435660704,0.786497403346798,0,0.00349083055781014
"515","p_515",0.186376404494382,0.847261235955056,0,0.0142471207031664
"516","p_516",0.327994428969359,0.762766945218199,0,0.00431585507658726
"517","p_517",0.242111840049984,0.694782880349891,0,0.0032041913599172
"518","p_518",0.467532467532468,0.882352941176471,0,0.01305207755667
"519","p_519",0.298939505102381,0.807576869205629,0,0.0149872220644415
"520","p_520",0.738617704134946,0.848037020450814,0,0.00670037691166274
"521","p_521",0.16112584132164,0.759636956965123,0,0.039232854465769
"522","p_522",0.114206128133705,0.96100278551532,0,0.00179679513065123
"523","p_523",0.117687543014453,0.522367515485203,0,0.00144060908625001
"524","p_524",0.36472163338168,0.783554613410688,0,0.00896108338670671
"525","p_525",0.0275069637883008,0.42966573816156,0,0.00573550311617905
"526","p_526",0.185823754789272,0.837005108556833,0,0.00626754116192082
"527","p_527",0.544674451521585,0.964525831564048,0,0.0113115366134923
"528","p_528",0.34555712270804,0.935825105782793,0,0.00141617942353449
"529","p_529",0.18299147268956,0.950910348006453,0,0.00433993610063154
"530","p_530",0.293559516963772,0.706584243818286,0,0.0208718590983171
"531","p_531",0.400398784656286,0.758640334219521,0,0.0105416741772486
"532","p_532",0.141572707827285,0.826487329152014,0,0.0275978113356986
"533","p_533",0,0,0,0.00409652644516132
"534","p_534",0.216454997239094,0.889122032026505,0,0.00905390907716713
"535","p_535",0.350470134614084,0.845701143205033,0,0.0147914528896833
"536","p_536",0.189990389591188,0.902787018555482,0,0.0135232919855436
"537","p_537",0.199664429530201,0.794882550335571,0,0.00238050167453534
"538","p_538",0.147370698982904,0.645747673663709,0,0.00924660206527638
"539","p_539",0.644019138755981,0.889952153110048,0,0.00106561140242604
"540","p_540",0.0706868509946203,0.920930814462655,0,0.00800771483484372
"541","p_541",0.142073778664008,0.796111665004985,0,0.00200382263333087
"542","p_542",0.039574004598814,0.808423090887087,0,0.0082662505162563
"543","p_543",0.217797888386124,0.244645550527903,0,0.00331749335282543
"544","p_544",0.755837771405162,0.864399836132733,0,0.00243863730271702
"545","p_545",0.88047711781889,0.922590068159688,0,0.00411181342981698
"546","p_546",0.145240431795878,0.997055937193327,0,0.00102868518246788
"547","p_547",0.127313101406366,0.740932642487047,0,0.00133996997148835
"548","p_548",0.229030094545769,0.727439908266805,1,0.184852402571057
"549","p_549",0.300381841323717,0.814594823928723,0,0.00235894910650299
"550","p_550",0.0669724770642202,0.725840978593272,0,0.0065473651993204
"551","p_551",0.580029368575624,1,0,0.000694118261831114
"552","p_552",0.0361290322580645,0.943225806451613,0,0.000777072894864017
"553","p_553",0.34922600619195,0.810526315789474,0,0.00161428958486428
"554","p_554",0.175422974176313,0.53820124666073,0,0.0056187002629042
"555","p_555",0.561046511627907,0.636627906976744,0,0.00068328094079622
"556","p_556",0.257038223849851,0.777065690089265,0,0.00436657765056513
"557","p_557",0.328516377649326,0.676300578034682,0,0.00207658265528598
"558","p_558",0.240324851109908,0.715582024905252,0,0.0461866645481058
"559","p_559",0.0159066808059385,0.0609756097560976,0,0.00190616556009243
"560","p_560",0.213904526714522,0.639306866458782,0,0.0477715161186106
"561","p_561",0.648508430609598,0.835278858625162,0,0.00153177405942889
"562","p_562",0.772605192479857,0.820053715308863,0,0.00111648051871595
"563","p_563",0.221272554605888,0.750237416904084,0,0.00105111333645284
"564","p_564",0.277818260329798,0.818719132054085,0,0.0369722795019292
"565","p_565",0.0586345381526104,0.946987951807229,0,0.00126046204193149
"566","p_566",0.114611624117328,0.593427485062466,0,0.00368970947686571
"567","p_567",0.34920889551399,0.886394878490004,0,0.405216752865177
"568","p_568",0.202185212686963,0.877903893073088,0,0.00940758977508554
"569","p_569",0.624462200368777,0.876152427781192,0,0.00326124797444799
"570","p_570",0.430379746835443,0.962929475587703,0,0.00109952812982042
"571","p_571",0.808868501529052,0.990825688073395,0,0.000650573810847913
"572","p_572",0.443805874840358,0.602809706257982,0,0.00155746807741188
"573","p_573",0.0515247108307045,0.470106654649241,0,0.0133196850289302
"574","p_574",0.780710659898477,1,0,0.00197030531786176
"575","p_575",0.477439921530162,0.856792545365375,0,0.0122365412830102
"576","p_576",0.676700782661048,0.987959060806743,0,0.00165492653878863
"577","p_577",0.244522348816827,0.801928133216477,0,0.00115357038136243
"578","p_578",0.0113821138211382,0.0130081300813008,0,0.00123128569132069
"579","p_579",0.0201628538193098,0.0337340054284606,0,0.00259050213953288
"580","p_580",0.40265604249668,0.552191235059761,0,0.00377667307215792
"581","p_581",0.491136659681713,0.834456589454607,0,0.0176621209543637
"582","p_582",0.335430625919268,0.639538050879773,0,0.0367040434817238
"583","p_583",0.414065934065934,0.758681318681319,0,0.00228527204777228
"584","p_584",0.252929229807843,0.726761443524449,0,0.00639352118085785
"585","p_585",0.690614490981351,0.986854173035769,0,0.00326127477661934
"586","p_586",0.605772182990482,0.782622044826528,0,0.00324006596608274
"587","p_587",0.254353883664229,0.697622779519331,0,0.0229473080497601
"588","p_588",0.288266899912533,0.859115331750594,1,0.0799976302651478
"589","p_589",0.433924202196887,0.855328231558124,0,0.0768321915259783
"590","p_590",0.118879852192657,0.969007553389969,0,0.110398571933453
"591","p_591",0.240619416319238,0.471113758189398,0,0.00504037323237603
"592","p_592",0.228750734516394,0.834485838523916,0,0.212754331409122
"593","p_593",0.592723004694836,0.93075117370892,0,0.000844106913528638
"594","p_594",0.134463690330975,0.464422216800846,0,0.0245926022127658
"595","p_595",0.095785736338376,0.894643408459401,0,0.0129399168095714
"596","p_596",0.850439882697947,0.853372434017595,0,0.000672358022246248
"597","p_597",0.584571544880928,0.943822511703643,0,0.00493946602659835
"598","p_598",0.407515151515151,0.851878787878788,0,0.00413636792526423
"599","p_599",0.692041522491349,0.982698961937716,0,0.000866972225089645
"600","p_600",0.261785714285714,0.605178571428571,0,0.0112091394268112
"601","p_601",0.308258446441428,0.795605450521319,0,0.0375054462893577
"602","p_602",0.334175084175084,0.77020202020202,0,0.0356582278269443
"603","p_603",0.213467908092742,0.722191795112537,0,0.0383746427357122
"604","p_604",0.218924648294469,0.886673225750829,1,0.098546565466453
"605","p_605",0.113809990205681,0.429382957884427,0,0.00510849322755853
"606","p_606",0.361855017819327,0.817635969216466,0,0.154874585668589
"607","p_607",0.0214561579173223,0.598626805893291,0,0.00700424788340957
"608","p_608",0.635494155154091,0.838469713071201,0,0.000937562612961308
"609","p_609",0.489811320754717,0.963018867924528,0,0.0013092186047073
"610","p_610",0.699507389162562,0.939655172413793,0,0.000808569149635674
"611","p_611",0.337101794923418,0.769153335088507,0,0.0645852560041115
"612","p_612",0.00122399020807834,0.0214198286413709,0,0.00163808287282941
"613","p_613",0.408354866801816,0.861139465494104,1,0.56036447906274
"614","p_614",0.304387990762125,0.448960739030023,0,0.00217296515059046
"615","p_615",0.364511546983104,0.777368864603298,0,0.294321911716296
"616","p_616",0.131450026819238,0.667834793491865,0,0.0559268541078849
"617","p_617",0.195333463433673,0.727972386202859,0,0.0819885851522357
"618","p_618",0.348898759916471,0.887626744964891,1,0.583796767210731
"619","p_619",0.8125,0.983433734939759,0,0.00133140496078758
"620","p_620",0.208167330677291,0.669322709163347,0,0.0010232471135566
"621","p_621",0.456990902729181,0.830202939118265,0,0.0357225090988288
"622","p_622",0.633698549007995,0.94255256144507,0,0.00337090545678452
"623","p_623",0.213542100441409,0.677188306821021,0,0.012015644349445
"624","p_624",0.439592430858806,0.781659388646288,0,0.000706193129873957
"625","p_625",0.260827718960539,0.987487969201155,0,0.00104652362630822
"626","p_626",0.484247374562427,0.975495915985998,0,0.00085955576628531
"627","p_627",0.545633941785891,0.926985693142575,0,0.00202753587178732
"628","p_628",0.239441860465116,0.722418604651163,0,0.0322510900286892
"629","p_629",0.35330836454432,0.928838951310861,0,0.00159038210865253
"630","p_630",0.20529962912356,0.570564122584423,0,0.0204965815120731
"631","p_631",0.254716295900108,0.908137054865527,0,0.151448284515497
"632","p_632",0.691666666666667,0.8625,0,0.00120213345428742
"633","p_633",0.289473684210526,0.767105263157895,0,0.000752420737128108
"634","p_634",0.122832369942197,0.205202312138728,0,0.000694014102310641
"635","p_635",0.335246293639407,0.873266379722621,0,0.00625532151848823
"636","p_636",0.685796269727403,0.915351506456241,0,0.000695781530060922
"637","p_637",0.441629354592115,0.970678169706236,0,0.0183134298044733
"638","p_638",0.566896551724138,0.772931034482759,0,0.00579706288708854
"639","p_639",0.0812365204888569,0.996405463695183,0,0.00139530724445105
"640","p_640",0.146036829463571,0.495116092874299,1,0.00625723733017998
"641","p_641",0.666666666666667,0.980952380952381,0,0.000657487568636803
"642","p_642",0.0845891099055656,0.946755073337352,0,0.0049769754217616
"643","p_643",0.0102432778489117,0.85595390524968,0,0.0015637724447783
"644","p_644",0.157975460122699,0.817484662576687,0,0.000654754471053602
"645","p_645",0.0243821345450515,0.0645018286600909,0,0.0090127250494886
"646","p_646",0.149799012873353,0.978832748180939,0,0.0196652798093492
"647","p_647",0.248900332582341,0.624396523978114,0,0.00931362839547964
"648","p_648",0.233058898036732,0.963267891070298,0,0.00158597949670887
"649","p_649",0.289449569307838,0.526360803958702,0,0.0163235697451193
"650","p_650",0.412379903923139,0.826160928742994,1,0.0199498614039009
"651","p_651",0.35354581084079,0.872350809731568,0,0.0676099392524422
"652","p_652",0.491479820627803,0.87085201793722,0,0.00225509079406483
"653","p_653",0.0590844570617459,0.734208658623137,0,0.00562152202094643
"654","p_654",0.260919540229885,0.305172413793103,0,0.00170817449342558
"655","p_655",0.965309200603318,0.978883861236802,0,0.000662620088689931
"656","p_656",0.905390539053905,0.952695269526953,0,0.000913229472228966
"657","p_657",0.682602921646746,0.98472775564409,0,0.001519441046027
"658","p_658",0.0912423092027752,0.29742112841995,0,0.00764135661575384
"659","p_659",0.00714086413756756,0.349954013248318,1,0.0967867631469313
"660","p_660",0.705577918343876,0.825474410580794,0,0.00345203022601843
"661","p_661",0.272658419591012,0.796011108305983,0,0.00395397687665903
"662","p_662",0.344040574809806,0.972104818258664,0,0.00116280390201649
"663","p_663",0.569071497897121,0.745066321578777,0,0.00308714077804302
"664","p_664",0.548933038999264,0.974245768947756,0,0.00137201468343806
"665","p_665",0.015495867768595,0.309917355371901,0,0.000969479383100173
"666","p_666",0.778385772913817,0.837209302325581,0,0.000738924770007546
"667","p_667",0.360830726563256,0.706278822277403,0,0.0930485900405209
"668","p_668",0.521820448877805,0.867206982543641,0,0.0015938878663386
"669","p_669",0.366060039533004,0.76605419721711,0,0.102729749258716
"670","p_670",0.352274368231047,0.668375451263538,0,0.0138831666674301
"671","p_671",0.433323299217339,0.822095123419627,0,0.00665326133441165
"672","p_672",0.116929334011185,0.116929334011185,0,0.00196325639198365
"673","p_673",0.557167530224525,0.96545768566494,0,0.00290071231904661
"674","p_674",0.130117181555319,0.63217166336935,0,0.00655633325407311
"675","p_675",0.667828511676542,0.919484140815615,0,0.0114779627820512
"676","p_676",0.505504802061373,0.90794096978215,0,0.0042743339037504
"677","p_677",0.0983048443151997,0.748847435988368,0,0.0141424042852717
"678","p_678",0.00747508305647841,0.00747508305647841,0,0.00119933730759352
"679","p_679",0.511159107271418,0.934485241180706,1,0.00277674295552206
"680","p_680",0.473696488977021,0.911699521754345,1,0.00857478351782518
"681","p_681",0.327521793275218,0.438978829389788,0,0.00161006447830983
"682","p_682",0.525883662677428,0.900083495686056,0,0.00720495191472769
"683","p_683",0.244009216589862,0.457834101382488,0,0.00435697584924696
"684","p_684",0.0152979066022544,0.947665056360709,0,0.00123577458850764
"685","p_685",0.149048089503618,0.516434808149315,0,0.0374464305200126
"686","p_686",0.293249723349318,0.508721083416768,0,0.0189725119370258
"687","p_687",0.496143958868895,0.925449871465296,0,0.000760341494463006
"688","p_688",0.24311377245509,0.661077844311377,0,0.000833340834077739
"689","p_689",0.231412041997,0.764516820227127,0,0.0233131675252347
"690","p_690",0.281210080130066,0.872024155150389,0,0.034443073402427
"691","p_691",0.387391590152463,0.853580440636994,0,0.0471458301590181
"692","p_692",0.168918349577283,0.659775861584698,0,0.0355889213595295
"693","p_693",0.140883032429195,0.798451270642594,1,0.0233503416449439
"694","p_694",0.233409610983982,0.994279176201373,0,0.000858496336296928
"695","p_695",0.430328769129384,0.87288569964121,0,0.013623720402077
"696","p_696",0.361833105335157,0.808494685888667,0,0.0760133484915886
"697","p_697",0.162909044060809,0.59797732543159,0,0.0310615070692748
"698","p_698",0.244465679248288,0.456123586558369,0,0.00627595931552729
"699","p_699",0.318093385214008,0.471911478599222,0,0.00820765734006616
"700","p_700",0.292703289363834,0.60694606779095,0,0.00600355702514702
"701","p_701",0.226128669884932,0.606278653186386,0,0.0329519003963677
"702","p_702",0.00761614623000762,0.600913937547601,0,0.00131037473733892
"703","p_703",0.659574468085106,1,0,0.000851798682126275
"704","p_704",0.304595185995624,0.613566739606127,0,0.00227115984703432
"705","p_705",0.0534771458741892,0.627771911298838,1,0.0132354425010491
"706","p_706",0.216211152486007,0.726972528630647,0,0.0426909679738321
"707","p_707",0.863842662632375,1,0,0.000653736802289932
"708","p_708",0.110410094637224,0.249211356466877,0,0.000944371778014203
"709","p_709",0.140556368960469,0.616398243045388,0,0.000689448076750457
"710","p_710",0.478821362799263,0.919889502762431,0,0.0010933445491934
"711","p_711",0.722679200940071,0.99882491186839,0,0.000829647384396929
"712","p_712",0.00941565671024589,0.474504564684925,0,0.0314502673874598
"713","p_713",0.317479191438763,0.464922711058264,0,0.000821225161677081
"714","p_714",0.762331838565022,0.945067264573991,0,0.000895426745376724
"715","p_715",0.201778571705953,0.422585530659004,0,0.0514840994238369
"716","p_716",0.407271592416322,0.868377935554342,0,0.0128170481597445
"717","p_717",0.450592885375494,0.984189723320158,0,0.00101514712611161
"718","p_718",0.616204690831556,0.935323383084577,0,0.00140504534435365
"719","p_719",0.159431327748159,0.844503681137345,0,0.00782914031747106
"720","p_720",0.0728269381362568,0.967893500391543,0,0.00258108965844836
"721","p_721",0.593575418994413,1,0,0.000717231591362914
"722","p_722",0.20659678546471,0.720698812019567,0,0.0357809029237288
"723","p_723",0.376029277218664,0.548032936870997,0,0.00109969193291344
"724","p_724",0.151153846153846,0.787692307692308,0,0.00260270709996563
"725","p_725",0.303771863117871,0.879528517110266,0,0.0657514283307735
"726","p_726",0.170437630247097,0.423340279845192,0,0.00672888415463601
"727","p_727",0.455480703953209,0.750953052378714,0,0.0191446306296363
"728","p_728",0.0645161290322581,0.832844574780059,0,0.000651188021122216
"729","p_729",0.106930072122923,0.79711508309815,1,0.00318735203181166
"730","p_730",0.420179682100898,0.98341395991707,0,0.00143592960379459
"731","p_731",0.105464272067253,0.647115017195262,0,0.00523119687804056
"732","p_732",0.326351068286552,0.604733975701718,0,0.00476193356229152
"733","p_733",0.337672281776417,0.967075038284839,0,0.00129154739378461
"734","p_734",0.218342287029931,0.813635200818624,0,0.00778817632506043
"735","p_735",0.562406015037594,0.941353383458647,0,0.000673688208327338
"736","p_736",0.430158500270231,0.645954834311228,0,0.283091719374652
"737","p_737",0.0773425880019831,0.629647992067427,0,0.00201031626155387
"738","p_738",0.138078865826224,0.933698374294325,1,0.047124805313665
"739","p_739",0.630769230769231,0.871794871794872,0,0.000784812940054224
"740","p_740",0.168501577287066,0.68403785488959,0,0.063399032418567
"741","p_741",0.498533724340176,0.855718475073314,0,0.00169841149896733
"742","p_742",0.0147871930050148,0.760704641892761,0,0.00777560794287176
"743","p_743",0.292674418604651,0.563895348837209,0,0.0172073023666412
"744","p_744",0.267713102245476,0.625753942300705,0,0.0137641322221543
"745","p_745",0.283292978208232,0.694967891356985,0,0.0190253074283354
"746","p_746",0.329553584203749,0.753326656173988,0,0.0279548948231299
"747","p_747",0.143728222996516,0.488675958188153,0,0.00116768593921926
"748","p_748",0.401601401226073,0.837482797447767,0,0.0079861756403713
"749","p_749",0.466934674786983,0.846253302999901,0,0.141566857624465
"750","p_750",0.166855845629966,0.79199772985244,0,0.00702029912306656
"751","p_751",0.430846827714362,0.500398194850013,0,0.00376640046436651
"752","p_752",0.329421986700274,0.846949923866383,1,0.232483814727372
"753","p_753",0.387129724208376,0.465781409601634,0,0.000980706203889495
"754","p_754",0.839108910891089,0.896039603960396,0,0.000805570894968085
"755","p_755",0.405127048564126,0.726131408810705,0,0.0132999292800975
"756","p_756",0.882613510520487,0.992248062015504,0,0.00180714514114804
"757","p_757",0.297791875076247,0.694156398682445,0,0.0163984853944706
"758","p_758",0.283287385440727,0.676253632367186,0,0.0134473230528806
"759","p_759",0.423687229939213,0.766704098820887,0,0.0819263281022324
"760","p_760",0.231538326609367,0.519733380108753,0,0.00571147809979427
"761","p_761",0.754545454545455,0.94,0,0.00219492318383828
"762","p_762",0.374592302674494,0.846053489889106,0,0.0061289745262292
"763","p_763",0.352839458732468,0.750253890703483,0,0.0364040154871304
"764","p_764",0.111812778603269,0.926820208023774,0,0.00268881531713784
"765","p_765",0.161879895561358,0.681026979982594,0,0.00230512601480092
"766","p_766",0.320276497695853,0.731566820276498,0,0.00087674269023251
"767","p_767",0.599093997734994,0.996602491506229,0,0.000876245360141096
"768","p_768",0.0531076066790353,0.818181818181818,0,0.00861930805807049
"769","p_769",0.532483120780195,0.776219054763691,1,0.0133679540309032
"770","p_770",0.126519012152097,0.291258330066641,0,0.0102883786560362
"771","p_771",0.357118081363659,0.915663247609137,0,0.0201798450190294
"772","p_772",0.619698263592371,0.990321662396812,0,0.0105357067414628
"773","p_773",0.238110856018367,0.81811366724453,0,0.0213411427305402
"774","p_774",0.460381688609735,0.784333856745984,0,0.0165601211008141
"775","p_775",0.160076436866088,0.923416139938263,0,0.0340285101494481
"776","p_776",0.528801843317972,0.98919930875576,0,0.00694311411938544
"777","p_777",0.285225718194254,0.557569539443684,0,0.00876635433748065
"778","p_778",0.40864960282436,0.77834657252133,0,0.0169854686413596
"779","p_779",0.594296228150874,0.941122355105796,0,0.00108963134658337
"780","p_780",0.459421641791045,0.650932835820896,0,0.0107152157133697
"781","p_781",0.562582345191041,0.930171277997365,0,0.000760280435446912
"782","p_782",0.796433878157504,1,0,0.000672397972549981
"783","p_783",0.810627123880136,0.988415199258573,0,0.00647459142665446
"784","p_784",0.382857142857143,0.984285714285714,0,0.000694644938365905
"785","p_785",0.464823742090991,0.920533293160591,0,0.0132624106135332
"786","p_786",0.562945914844649,0.696432681242808,0,0.00434452720909573
"787","p_787",0.391791044776119,0.771798900235664,0,0.0050398529098276
"788","p_788",0.551845342706503,0.934094903339192,0,0.00227511548476611
"789","p_789",0.596095707005269,0.997926924073594,0,0.0115818906030844
"790","p_790",0.624544452919739,0.880752606153064,0,0.0117797991209412
"791","p_791",0.615562760537286,0.767021769337656,0,0.00215857607957337
"792","p_792",0.428843020097773,0.672596414991852,0,0.00736128920042532
"793","p_793",0.389226100151745,0.896244309559939,0,0.0104983256637255
"794","p_794",0.263101026472177,0.886405641331855,0,0.0351449583022054
"795","p_795",0.367580262778898,0.779518312542929,0,0.0451273064406902
"796","p_796",0.482925882809468,0.800979821497866,0,0.0206141625301716
"797","p_797",0.394075180482947,0.717201891959173,0,0.0040115614934256
"798","p_798",0.290364583333333,0.6015625,0,0.00077772959980291
"799","p_799",0.0702170767004342,0.453371924746744,0,0.0172778079218576
"800","p_800",0.176506570697442,0.719035142271657,0,0.0980886342016308
"801","p_801",0.414350682162708,0.993936331480546,0,0.00196338992913745
"802","p_802",0.762569832402235,0.779329608938548,0,0.00107668974147187
"803","p_803",0.512754620006802,0.840595593514984,1,0.0529253129520049
"804","p_804",0.630933544303797,1,0,0.00251715414001425
"805","p_805",0.463531015678255,0.984321745057941,0,0.00146088100034615
"806","p_806",0.458712526766595,0.873661670235546,0,0.014950753911353
"807","p_807",0.432288192128085,0.774349566377585,0,0.00600006032228001
"808","p_808",0.705786280914606,0.827811479234718,0,0.00856755844492236
"809","p_809",0.213243873978996,0.824773214890654,0,0.106294135789011
"810","p_810",0.474035608308605,0.83160237388724,0,0.0013660275636635
"811","p_811",0.287843741968646,0.450783860190182,1,0.00406148470239731
"812","p_812",0,0.949313621964097,0,0.000946991517628077
"813","p_813",0.0286718460969293,0.740288568257492,0,0.00541056632502507
"814","p_814",0.385507654738424,0.717291255752794,0,0.0212988505912705
"815","p_815",0.244715991277877,0.905481551846974,0,0.0463070408617922
"816","p_816",0.425149366240438,0.778323747836283,0,0.0179024799858019
"817","p_817",0.388027792624265,0.768572955638696,0,0.00186974996556626
"818","p_818",0.309791945027677,0.710822676083222,0,0.00523780390706899
"819","p_819",0.808286252354049,0.924670433145009,0,0.00265188919927473
"820","p_820",0.6289592760181,0.986425339366516,0,0.000661860576747812
"821","p_821",0.553921568627451,0.999019607843137,0,0.00102975961771506
"822","p_822",0.464716006884682,1,0,0.00173263482464099
"823","p_823",0.776778577138289,0.932653876898481,0,0.00501282187896699
"824","p_824",0.16195974835916,0.587325362891146,0,0.0734546253830905
"825","p_825",0.211050452936589,0.649049133121363,0,0.0333330711546927
"826","p_826",0.117397454031117,0.316124469589816,0,0.00141421884994715
"827","p_827",0.292186886533176,0.749744797801335,0,0.0127422846532965
"828","p_828",0.309329993738259,0.399707785431016,1,0.0128935281164352
"829","p_829",0.383273528262337,0.83085231108111,0,0.0281556122914598
"830","p_830",0.252793788966004,0.807235347877625,0,0.11052191680173
"831","p_831",0.263671546357059,0.789689550731954,0,0.0475497062188955
"832","p_832",0.0181507481987807,0.713713898639079,0,0.0649270981802103
"833","p_833",0.307409571101699,0.716226084416533,0,0.0410858554322286
"834","p_834",0.618532966681589,0.883417535332864,0,0.015626629007417
"835","p_835",0.23600209314495,0.542647828362114,0,0.00382763645431708
"836","p_836",0.031548157949718,0.892715370151125,0,0.028703161677509
"837","p_837",0.111711711711712,0.2163623082542,0,0.0205186337660422
"838","p_838",0.219269102990033,0.819490586932447,0,0.0135395653650761
"839","p_839",0.281134898710866,0.456261510128913,0,0.0187856389009245
"840","p_840",0.336340971150421,0.632791167042621,0,0.00842270066627457
"841","p_841",0.16819317235637,0.593832063024403,0,0.0312160070896897
"842","p_842",0.346952070730572,0.750860865518846,0,0.0107235430873864
"843","p_843",0.486203090507726,0.68598233995585,0,0.00180743477931223
"844","p_844",0.573513893774182,0.880935631375308,0,0.00568717258489761
"845","p_845",0.441428571428571,0.931648351648352,0,0.00910772745184522
"846","p_846",0.375466161633875,0.894579414903478,1,0.598754395127457
"847","p_847",0.323458550496607,0.758284983774216,0,0.0406781168553843
"848","p_848",0.512934220251293,0.936252771618625,0,0.00541400231774453
"849","p_849",0.176960427857662,0.702470033543665,0,0.0426334529604384
"850","p_850",0.621127053441464,0.859430234976087,0,0.00481820529895932
"851","p_851",0.355510298313023,0.857926155571313,0,0.363838143885917
"852","p_852",0.287081365713696,0.49405774340972,1,0.189750542215626
"853","p_853",0.365780445969125,0.711835334476844,0,0.00233016448540217
"854","p_854",0.287895836682205,0.783475325510368,0,0.0435515680485469
"855","p_855",0.306852902662593,0.863378437363597,0,0.00228932008729499
"856","p_856",0.157353745215965,0.684745762711864,0,0.00915311885915378
"857","p_857",0.166649468579094,0.705809513982045,0,0.00968634634859537
"858","p_858",0.488871797336923,0.85285776089987,0,0.0208078375902628
"859","p_859",0.383229322316955,0.75169201019601,0,0.0113718046375704
"860","p_860",0.321188340807175,0.994394618834081,0,0.00174743065890237
"861","p_861",0.121125143513203,0.901836969001148,0,0.00174328087910266
"862","p_862",0.481761006289308,0.806289308176101,0,0.000795846855521697
"863","p_863",0.539764359351988,0.647275405007364,0,0.00136225315942674
"864","p_864",0.20731151106901,0.759920008420166,0,0.0285042930086409
"865","p_865",0.250974166546399,0.646894693799009,0,0.0207907037055325
"866","p_866",0.899143672692674,0.954329210275928,0,0.00105166911904019
"867","p_867",0.336099585062241,0.991182572614108,0,0.00193111129065827
"868","p_868",0.230566534914361,0.505050505050505,0,0.00455399709349443
"869","p_869",0.558064516129032,0.685553997194951,0,0.00712799603541737
"870","p_870",0.324081020255064,0.624156039009752,0,0.00132944377952185
"871","p_871",0.618985695708713,0.950585175552666,0,0.000759625014498106
"872","p_872",0.280494357872112,0.908113917248791,0,0.00184227163759538
"873","p_873",0.209904937135848,0.788101809260963,0,0.0130390944036896
"874","p_874",0.1165625,0.9996875,0,0.00320176127959452
"875","p_875",0.286374133949192,0.987528868360277,0,0.00215866436507339
"876","p_876",0.246353322528363,0.596974608319827,0,0.00370518608096633
"877","p_877",0.340996168582375,0.857854406130268,0,0.00522379283154012
"878","p_878",0.0328199681359533,0.276473712161445,0,0.0188105397316311
"879","p_879",0.476416184971098,0.837225433526012,0,0.00863437187986437
"880","p_880",0.592065999648938,0.948920484465508,0,0.00571740119149845
"881","p_881",0.772908366533865,0.974501992031872,0,0.0012585558564101
"882","p_882",0.488285700133736,0.730694932884244,0,0.0201932951564354
"883","p_883",0.143399931693989,0.659480305100182,0,0.0703648165945759
"884","p_884",0.382978723404255,0.63063829787234,0,0.00117500777652999
"885","p_885",0.220869036536014,0.650314441510079,0,0.105276491672422
"886","p_886",0.314665249734325,0.706216790648247,0,0.0564269752847962
"887","p_887",0.452426064749979,0.835159403575253,0,0.0121464405165428
"888","p_888",0.470826353992183,0.849525404801787,0,0.00716405449099286
"889","p_889",0.537902199600073,0.821850572623159,0,0.00549811253026448
"890","p_890",0.65353721087777,0.803832381689732,0,0.0103415806233523
"891","p_891",0.328668200408998,0.875894683026585,0,0.0156406015153469
"892","p_892",0.139940542283033,0.713922418424729,0,0.0279059209789712
"893","p_893",0.832579185520362,0.978280542986425,0,0.00110539546202951
"894","p_894",0.564361433619384,0.987884906612822,0,0.00196149605208705
"895","p_895",0.0153936250313729,0.25980925290722,0,0.0239107844832141
"896","p_896",0.379997220549405,0.724880715245287,0,0.0215842041511308
"897","p_897",0.553739272578668,0.841029832447895,0,0.00488590599600776
"898","p_898",0.230308504064268,0.689166706279412,0,0.0210270585874028
"899","p_899",0.163819095477387,0.317085427135678,0,0.00400666196462837
"900","p_900",0.349909474954737,0.811587205793603,0,0.00829527784488021
"901","p_901",0.178081672854004,0.706581306664646,0,0.0791968333049941
"902","p_902",0.467109747784594,0.651158827539196,0,0.00586994830908765
"903","p_903",0.340755211817914,0.729306607434367,0,0.0373676737920615
"904","p_904",0.347282079799805,0.651327679688586,0,0.0071874798850491
"905","p_905",0.577903682719547,0.90014164305949,0,0.00279498357680875
"906","p_906",0.700450075012502,0.897649608268045,0,0.00604323325974381
"907","p_907",0.554927905749956,0.89069368735713,0,0.0454835798617414
"908","p_908",0.310515644578151,0.911445078753697,1,0.668753912023263
"909","p_909",0.418779145191263,0.669506679288945,0,0.0285300174074553
"910","p_910",0.859832635983264,0.956066945606695,0,0.00102339299505712
"911","p_911",0.670255435929913,0.939729786784885,0,0.00947361638044378
"912","p_912",0.65212784743069,0.919830478544941,0,0.00564408149669383
"913","p_913",0.18131021930327,0.775745542021459,1,0.0785671419593267
"914","p_914",0.0218208092485549,0.621026011560694,0,0.0194280335491069
"915","p_915",0.593280282935455,0.864942528735632,0,0.00452165596160039
"916","p_916",0.62554360265507,0.809796292057679,0,0.0043622136748744
"917","p_917",0.773708920187793,0.942253521126761,0,0.00213595448749017
"918","p_918",0.347565278757939,0.704128440366973,1,0.00564341258984992
"919","p_919",0.0453114677651265,0.820347413826604,0,0.0257359887857497
"920","p_920",0.701393983859134,0.970652971386647,0,0.001369656459103
"921","p_921",0.372489836146359,0.857582850806948,0,0.0162360218409845
"922","p_922",0.37909573494417,0.653898956617243,0,0.0218499133544619
"923","p_923",0.172021585720216,0.689995848899958,0,0.0120490435783113
"924","p_924",0.29660088853936,0.860129210731458,1,1.15958563097935
"925","p_925",0.526172465960666,0.843419062027231,0,0.00659240277649211
"926","p_926",0.968302214502822,1,0,0.020783453844014
"927","p_927",0.497285067873303,1,0,0.00220829375444098
"928","p_928",0.187670989518565,0.896748978504175,0,0.0281458042810395
"929","p_929",0.328421856601852,0.818890621519269,0,0.0314387104336749
"930","p_930",0.192053592053592,0.865604065604066,0,0.0216442426315455
"931","p_931",0.203904847396768,0.78770197486535,0,0.0222315823017438
"932","p_932",0.396340738980634,0.648211952001901,0,0.00841068616174589
"933","p_933",0.563075193087326,0.783742195129169,0,0.0420761441184849
"934","p_934",0.696275408295147,0.932087886264834,0,0.00850988607858552
"935","p_935",0.441063385697023,0.727782049873668,0,0.00909904420719566
"936","p_936",0.00449260042283298,0.362579281183932,0,0.00378436137177579
"937","p_937",0.62057044079516,0.64390665514261,0,0.00116087862066626
"938","p_938",0.477110157367668,0.951716738197425,0,0.00279440781087725
"939","p_939",0.615342163355408,0.879445670836399,0,0.0163170886502591
"940","p_940",0.284848649529917,0.792429759252215,0,0.0368007579481564
"941","p_941",0.533067433447732,0.847880530563027,0,0.0107915908347951
"942","p_942",0.305354575290521,0.898427887704618,1,0.694088074991395
"943","p_943",0.387985957612794,0.660642309192563,0,0.0230589096421254
"944","p_944",0.42156811396847,0.813648981302048,0,0.0190871585300017
"945","p_945",0.146417006898494,0.805317002205641,0,0.0426150036056552
"946","p_946",0.210072348838725,0.935059856171378,0,0.138067763876149
"947","p_947",0.69098673450845,0.91309285844085,1,0.0220164405067681
"948","p_948",0.179995344661324,0.91045123532737,0,0.0300763444551787
"949","p_949",0.419262441818833,0.947368421052632,0,0.00838244866166085
"950","p_950",0.293719545208446,0.896627736097146,0,0.0258721969536963
"951","p_951",0.0571808510638298,0.102393617021277,0,0.000751755418229251
"952","p_952",0.432903432104029,0.838733745470049,0,0.0187565483281544
"953","p_953",0.771966527196653,0.931659693165969,0,0.00143638802624449
"954","p_954",0.28565575745891,0.771244035282209,0,0.0414762593544089
"955","p_955",0.448378206487174,0.87815348738605,0,0.0188704711985335
"956","p_956",0.199206881733401,0.705053490248113,0,0.132619533761955
"957","p_957",0.369093672285162,0.762330754352031,0,0.0289079766470374
"958","p_958",0.401801801801802,0.623423423423423,0,0.0022181099887835
"959","p_959",0.375022956841139,0.786960514233242,0,0.00542977287743159
"960","p_960",0.338579327945555,0.787749893662271,0,0.00236554088267963
"961","p_961",0.479540786771289,0.872294486281531,0,0.019001256068856
"962","p_962",0.312956969914899,0.880258899676375,0,0.00835456953465461
"963","p_963",0.460726683638047,0.728164776672067,0,0.0216079602334974
"964","p_964",0.655638386486792,0.938427185611617,1,5.00027427952168
"965","p_965",0.3281481559337,0.577782916241868,1,0.229598434751361
"966","p_966",0.334480122324159,0.836009174311927,0,0.0104557591977684
"967","p_967",0.202102933038185,0.617967164729755,0,0.027098318900384
"968","p_968",0.317130537044296,0.563308506468052,0,0.00510548984930018
"969","p_969",0.639954207212364,0.842358328563251,0,0.00875273841650723
"970","p_970",0.699909173478656,0.991462306993642,0,0.00551204133149303
"971","p_971",0.196492418724757,0.837203287426339,1,0.497272719856185
"972","p_972",0.439401130431031,0.850972947318462,1,0.0242482091680684
"973","p_973",0.249750099960016,0.748200719712115,0,0.020015108858907
"974","p_974",0.375787947554211,0.628948742885959,1,0.222114588787681
"975","p_975",0.373736529947373,0.827583326372066,0,0.0119978977140286
"976","p_976",0.104077696652431,0.256922441107591,0,0.0145123580453028
"977","p_977",0.012758875739645,0.0160872781065089,1,0.0161919638082355
"978","p_978",0.428773204196933,0.884180790960452,0,0.00494910841360778
"979","p_979",0.0910824872357361,0.692424918949351,0,0.205997442867085
"980","p_980",0.411253766184414,0.750406770963237,1,2.01247361904182
"981","p_981",0.0508280982295831,0.0648201027984009,0,0.0105044343028484
"982","p_982",0.330768134530426,0.466723671084509,0,0.00702529837146308
"983","p_983",0.54755538579068,0.691940412528648,0,0.00523530308912694
"984","p_984",0,0.579,0,0.00100496710260915
"985","p_985",0.430138036809816,0.739263803680982,0,0.0130359579828481
"986","p_986",0.166343795542601,0.608777947606014,0,0.11250594539483
"987","p_987",0.689842805320435,0.825876662636034,0,0.00165647516015935
"988","p_988",0.00592300098716683,0.29812438302073,0,0.00101490881201648
"989","p_989",0.404285298744843,0.85690414455103,1,1.27887048679224
"990","p_990",0.209097578870139,0.30520909757887,0,0.00136247028276898
"991","p_991",0.435784807723203,0.763765353663702,1,0.547868397794862
"992","p_992",0.131571727989992,0.824457636976155,0,0.0911296643032571
"993","p_993",0.781842818428184,0.957994579945799,0,0.000737157899944112
"994","p_994",0.344489795918367,0.872517006802721,0,0.00735336020232919
"995","p_995",0.314746081504702,0.804300940438871,0,0.079755398508366
"996","p_996",0.932907348242812,0.978700745473908,0,0.000937748969618973
"997","p_997",0.378167641325536,0.712800519818064,0,0.00150550937609182
"998","p_998",0.221560452650387,0.866835417907485,0,0.0201421038135739
"999","p_999",0.412329863891113,0.748598879103283,0,0.00122316662680529
"1000","p_1000",0.325270347182698,0.740608992601024,0,0.00702721695574037
"1001","p_1001",0.00811594202898551,0.796521739130435,0,0.00172464893802279
"1002","p_1002",0.465855186610579,0.893385840866374,0,0.0558629477368043
"1003","p_1003",0.340507302075327,0.47348193697156,0,0.00128913366904741
"1004","p_1004",0.32461594732992,0.931236283833211,0,0.0109609452609409
"1005","p_1005",0.796488946684005,0.844603381014304,0,0.00151754205912529
"1006","p_1006",0.129511677282378,0.667728237791932,0,0.000946739640373414
"1007","p_1007",0.0179418436791091,0.0367085997112807,0,0.0096973818998897
"1008","p_1008",0.301233644859813,0.624922118380062,0,0.0401169907419698
"1009","p_1009",0.329893390191898,0.634243070362473,0,0.0234373092780886
"1010","p_1010",0.243386024156291,0.587447430027554,0,0.0965227228734239
"1011","p_1011",0.404396902866979,0.863241729438182,1,1.42689006979372
"1012","p_1012",0.326376855270097,0.765388382430498,0,0.0663655707538233
"1013","p_1013",0.661685586288321,0.924803046620744,1,0.424328744214658
"1014","p_1014",0.353305645256111,0.685897489189417,1,0.842062467435477
"1015","p_1015",0.107243916242218,0.653169213355971,1,0.0353373554251712
"1016","p_1016",0.0837724106227236,0.65030588068885,0,0.0282690288358977
"1017","p_1017",0.246547659144493,0.401145166722802,0,0.00295991203945887
"1018","p_1018",0.266220508166969,0.519935344827586,0,0.0352576473042572
"1019","p_1019",0.30055186351094,0.835179355641055,0,0.0514538195180018
"1020","p_1020",0.394097920858484,0.87981220657277,0,0.00745657731856898
"1021","p_1021",0.0204868154158215,0.0204868154158215,0,0.00492079908694248
"1022","p_1022",0,0,0,0.00282797804664948
"1023","p_1023",0.135114503816794,0.961832061068702,0,0.00393269445428925
"1024","p_1024",0.0314175423547073,0.0731288869826292,0,0.00932286063614977
"1025","p_1025",0.192273135669362,0.791374663072776,0,0.005556037646221
"1026","p_1026",0.205809128630705,0.609508990318119,0,0.0289254455562551
"1027","p_1027",0.478191300225199,0.822093161076212,0,0.0337792863833936
"1028","p_1028",0.0457031724808557,0.219764191078157,0,0.00819838605081438
"1029","p_1029",0.430600908937889,0.751304494192897,0,0.0593879602327603
"1030","p_1030",0.0095,0.319,0,0.00397714479415384
"1031","p_1031",0.0240594925634296,0.079031787693205,0,0.0274367859070704
"1032","p_1032",0.152233264169488,0.713334061373812,0,0.009155318119437
"1033","p_1033",0.0445109780439122,0.432934131736527,0,0.00499659616652766
"1034","p_1034",0.403506726666511,0.846747251209934,0,0.300266855944029
"1035","p_1035",0.389121338912134,1,0,0.000711665768577746
"1036","p_1036",0.416573764399851,0.903381642512077,0,0.0026903097436527
"1037","p_1037",0.619850187265918,0.976591760299625,0,0.00106071589975656
"1038","p_1038",0.289799072642968,0.727202472952087,0,0.00258813773424507
"1039","p_1039",0.108381502890173,0.796242774566474,0,0.00139038818528413
"1040","p_1040",0.497710015668314,0.928257201398096,0,0.0332192042820814
"1041","p_1041",0,0.629325014180374,0,0.00350854548725023
"1042","p_1042",0.178793256433008,0.804347826086957,0,0.00225283848458243
"1043","p_1043",0.326939291736931,0.748946037099494,0,0.00471941275324996
"1044","p_1044",0.456531634046427,0.850022758306782,0,0.00439328369668309
"1045","p_1045",0.0033311125916056,0.958027981345769,0,0.00148946314485354
"1046","p_1046",0.272935779816514,0.994266055045872,0,0.000869412835910742
"1047","p_1047",0.558910445843505,0.909417962225363,0,0.0233582405528362
"1048","p_1048",0.137388568432092,0.224960671211327,0,0.00190365180751308
"1049","p_1049",0.697749196141479,0.846195069667738,0,0.00372265503841787
"1050","p_1050",0.387256772224342,0.81724532621137,0,0.00261564775803027
"1051","p_1051",0.659871391435217,0.966069229716788,1,0.0146133035770326
"1052","p_1052",0,0,1,0.000709067852619803
"1053","p_1053",0,0,1,0.00157774722732759
"1054","p_1054",0,0,1,0.00162042774285632
"1055","p_1055",0.0145586897179254,0.0727934485896269,0,0.00109650782562897
"1056","p_1056",0.153551912568306,0.339890710382514,0,0.00182120396310504
"1057","p_1057",0.304660819621236,0.583126358273828,0,0.0515507476041911
"1058","p_1058",0.395777259405467,0.630779352832107,0,0.0334499820180894
"1059","p_1059",0.232441993549058,0.541497589567509,0,0.0288091718362347
"1060","p_1060",0.192668136714443,0.538257993384785,0,0.0181441455928365
"1061","p_1061",0.145956265185699,0.711384935786185,0,0.00575018116613603
"1062","p_1062",0.500179147259047,0.63507703332139,0,0.00558168833607828
"1063","p_1063",0.0943598188554961,0.281062165500206,1,0.0242883796786208
"1064","p_1064",0.167597765363128,0.666799680766161,0,0.00250279976719618
"1065","p_1065",0.665124884366327,1,0,0.00108227728089859
"1066","p_1066",0,0.710296684118674,0,0.0068457870484606
"1067","p_1067",0.453201011870014,0.787361354349095,0,0.0204834494052293
"1068","p_1068",0.488077748898181,0.712374279579614,0,0.0442386866507119
"1069","p_1069",0.746838557299611,0.916596959110368,0,0.0203286369111636
"1070","p_1070",0.134973331882007,0.839229345814738,0,0.00918564885688657
"1071","p_1071",0.639768697614442,0.842520954223082,1,0.0496339028071534
"1072","p_1072",0.485846823818991,0.928145413234876,0,0.0105409369494071
"1073","p_1073",0.247162525048474,0.89137480630532,0,0.49306648477269
"1074","p_1074",0.319334548535339,0.659053682832276,0,0.194661389496573
"1075","p_1075",0.335438596491228,0.858947368421053,0,0.00141591315100603
"1076","p_1076",0.142675698560542,0.736240474174428,0,0.00237926287223012
"1077","p_1077",0.116340709208466,0.744401161934594,0,0.07467821598399
"1078","p_1078",0.783534966066686,0.955030982590735,0,0.101644827928106
"1079","p_1079",0.116772413793103,0.65528275862069,1,0.0362503069156691
"1080","p_1080",0.809144072301967,0.988835725677831,1,0.00565835659447219
"1081","p_1081",0.293185419968304,0.944532488114105,0,0.0018954702762184
"1082","p_1082",0.208385706590052,0.860729035733525,0,0.0556930803678064
"1083","p_1083",0.335905473836508,0.794791415481071,0,0.00419288363523054
"1084","p_1084",0.10031746031746,0.836888888888889,0,0.0157476982602701
"1085","p_1085",0.0240876354172971,0.335108636446166,0,0.016519189548631
"1086","p_1086",0.124352331606218,0.869602763385147,0,0.00116405407725202
"1087","p_1087",0.000970245795601552,0.693078913324709,0,0.003087629480662
"1088","p_1088",0.40429619280475,0.643730352776808,0,0.0057239621329084
"1089","p_1089",0.221251819505095,0.97962154294032,0,0.000681944043266354
"1090","p_1090",0.606291686801787,0.880557047248302,1,13.726490481875
"1091","p_1091",0.566876272061727,0.741274036270847,1,0.0987709144411525
"1092","p_1092",0.634519342372978,0.913825671291377,1,17.7902230575859
"1093","p_1093",0.243271804988023,0.77266802874454,0,0.0567711892227267
"1094","p_1094",0.124173484254175,0.373417012215623,0,0.00890875332581539
"1095","p_1095",0.054087089381207,0.830659536541889,0,0.0392685991594611
"1096","p_1096",0.244002540354591,0.598600688012702,1,4.99302765838388
"1097","p_1097",0.246038395062463,0.640500129485362,1,8.78854166800751
"1098","p_1098",0.27550864310846,0.762582224261894,0,0.0326684489559005
"1099","p_1099",0,0.0585299839296287,0,0.0118149971058884
"1100","p_1100",0,0.292390587200352,0,0.0181978769147564
"1101","p_1101",0.844354703011947,0.945482079757698,0,0.00595214898452125
"1102","p_1102",0.5764962346413,0.715616329766151,0,0.00504810466728534
"1103","p_1103",0.0275800711743772,0.0640569395017794,0,0.00111707305862434
"1104","p_1104",0.141584158415842,0.98019801980198,0,0.00101114377975324
"1105","p_1105",0.288279898895836,0.743182120526806,0,0.0150161222989561
"1106","p_1106",0.598435999451228,0.743003155439704,0,0.0291236687363713
"1107","p_1107",0.608052588331964,0.933442892358258,0,0.00246534104757904
"1108","p_1108",0.322214809873249,0.963308872581721,0,0.0014980380562814
"1109","p_1109",0.285693786769981,0.718897976754197,0,0.00696601453229823
"1110","p_1110",0.194543297746145,0.855871886120997,0,0.00168788330466539
"1111","p_1111",0.0481670485315559,0.678400333263903,0,0.0192229003240588
"1112","p_1112",0.0720842613600883,0.454861472492246,0,0.0480408916074003
"1113","p_1113",0.268518518518519,0.946502057613169,0,0.00192968479817556
"1114","p_1114",0.353859639511313,0.590533063058127,0,0.0182513392306119
"1115","p_1115",0.560352295697372,0.966791799018192,0,0.00692369857257977
"1116","p_1116",0.0110094588308265,0.762133664133974,0,0.00643485113913173
"1117","p_1117",0.0368012731251243,0.0849413168888005,0,0.00503207320330897
"1118","p_1118",0.363765422538847,0.613571834185122,0,0.0387462428648531
